{
  "statistics": {
    "droid": {
      "robot_features": {
        "mean": [
          0.0004488771883188747,
          0.0004908488826913526,
          0.1851662565022707,
          0.9322581067681313,
          0.0,
          0.9322581067681313,
          5.868104108230909e-05,
          -0.00013602724874317573,
          -0.01090621465118602,
          0.3635278008878231,
          -5.305279955791775e-06,
          -7.094486903724828e-05,
          -0.0005878881020180415,
          -9.74918481944087e-07,
          2.2574888731696774e-06,
          6.0777555006552575e-05
        ],
        "variance": [
          0.018895716015340132,
          0.018968417144132294,
          0.025772084883637154,
          0.06315174547683829,
          0.0,
          0.06315174547683829,
          0.3276480254462893,
          0.32755214425514123,
          0.27692421992380384,
          0.2313422023687169,
          0.00010866951689914465,
          0.00010868672517217419,
          0.0001458384495076864,
          8.504792253054766e-06,
          8.523444190976506e-06,
          1.0997244891031683e-05
        ]
      },
      "scene_features": {
        "mean": [
          -1.1922885391868476e-05,
          -2.2495328323657304e-05,
          -0.00469993578735739,
          0.3300909698009491,
          0.3104347940534353,
          0.27280871011316776,
          -0.000585455014515901,
          -9.813800488700508e-05,
          0.39118314906954765,
          0.3179235979914665,
          0.3131409026682377,
          0.30629777908325195,
          0.3023218307644129,
          0.29828862100839615,
          0.2951209004968405,
          0.2914357017725706,
          0.28713653050363064,
          0.2851800210773945,
          0.2827300950884819,
          0.2830865792930126,
          0.35089575685560703,
          0.3499319516122341,
          0.34901715628802776,
          0.3481778595596552,
          0.34742211177945137,
          0.3467406686395407,
          0.3461489621549845,
          0.3456786163151264,
          0.3453703671693802,
          0.34523845463991165,
          0.34526571817696095
        ],
        "variance": [
          0.058564211763583826,
          0.058471268156038265,
          0.04553919885556861,
          0.09282202204831151,
          0.08562620169449454,
          0.07587884673400135,
          0.188989226946854,
          0.1893468556734382,
          0.23573421683516801,
          0.21681467057422837,
          0.21505419612659535,
          0.21245894525959594,
          0.2108900160166359,
          0.20927929847814594,
          0.20797939730537335,
          0.20647290490871417,
          0.2046602745360503,
          0.2038243230704925,
          0.20277806431689327,
          0.20293570024150498,
          0.0762918835909847,
          0.07586804348764813,
          0.07547542320370067,
          0.07513119456871374,
          0.07483839248954068,
          0.07459100782540984,
          0.07439206789044558,
          0.07425811818172998,
          0.07420262934669827,
          0.07422715455629812,
          0.07432321980660515
        ]
      }
    }
  },
  "per_timestep_statistics": {
    "droid": {
      "gt_scene_flows_relative": {
        "timestep_0": {
          "mean": [
            0.0,
            0.0,
            0.0
          ],
          "variance": [
            0.0,
            0.0,
            0.0
          ]
        },
        "timestep_1": {
          "mean": [
            -1.1492237547372497e-05,
            1.1010786664655825e-06,
            0.0004227550289215287
          ],
          "variance": [
            0.0009268903404088868,
            0.0009315818047184107,
            0.00042432150995147375
          ]
        },
        "timestep_2": {
          "mean": [
            -2.8623642357672452e-05,
            9.448268826872663e-06,
            0.0008085728622972965
          ],
          "variance": [
            0.0015449623300757566,
            0.0015759166297083184,
            0.0006219220795927008
          ]
        },
        "timestep_3": {
          "mean": [
            -3.955176353542811e-05,
            8.929012551561755e-06,
            0.0011902811311301775
          ],
          "variance": [
            0.0021608315752178328,
            0.0021801931187664897,
            0.0008186672531801533
          ]
        },
        "timestep_4": {
          "mean": [
            -4.143238385267978e-05,
            7.579613978236921e-06,
            0.0015587185334879905
          ],
          "variance": [
            0.002727384685997665,
            0.0027344138251462514,
            0.0009963653707602633
          ]
        },
        "timestep_5": {
          "mean": [
            -5.43741303005163e-05,
            6.1002403413112916e-06,
            0.0018843317084247246
          ],
          "variance": [
            0.0032588258856531323,
            0.00326184146754594,
            0.0011607968417465685
          ]
        },
        "timestep_6": {
          "mean": [
            -6.806714986851148e-05,
            1.90814241705084e-05,
            0.002239910274511203
          ],
          "variance": [
            0.0037740272274529463,
            0.003780796930571459,
            0.0013174917152550941
          ]
        },
        "timestep_7": {
          "mean": [
            -4.249053871774322e-05,
            2.611366460314457e-05,
            0.002533144594053738
          ],
          "variance": [
            0.0042520268653966735,
            0.004267573642740243,
            0.0014657633857130608
          ]
        },
        "timestep_8": {
          "mean": [
            -2.7490463367030316e-05,
            2.4254695460967923e-05,
            0.0028303715807851404
          ],
          "variance": [
            0.004703716419513773,
            0.00471258976226744,
            0.0016054922798723528
          ]
        },
        "timestep_9": {
          "mean": [
            -3.0506672658248135e-05,
            2.6457021021997207e-05,
            0.0030849402101011947
          ],
          "variance": [
            0.005098984265568235,
            0.0051169104837774934,
            0.001722652624718841
          ]
        },
        "timestep_10": {
          "mean": [
            -1.47285757066129e-05,
            3.847471020890225e-05,
            0.0033182740007760003
          ],
          "variance": [
            0.005459970638734364,
            0.005488983034638307,
            0.0018551284477524679
          ]
        }
      }
    }
  }
}
