{
  "statistics": {
    "behavior": {
      "robot_features": {
        "mean": [
          0.0006308052105623574,
          0.00032507462628927897,
          0.21721766982227564,
          0.7837741523981094,
          0.0,
          0.7837741523981094,
          -2.0868726778644486e-05,
          3.0802623882664193e-06,
          0.015258897561579943,
          0.18562770076096058,
          0.20281312428414822,
          1.6975869669977328e-05,
          3.1136280369992164e-05,
          0.00037159796920605004,
          -6.0514217992135855e-06,
          2.2507075243538566e-06,
          -5.302788258632063e-05
        ],
        "variance": [
          0.0598869306259113,
          0.06008917649273229,
          0.07393425441818641,
          0.16946950737691682,
          0.0,
          0.16946950737691682,
          0.2616324917105998,
          0.2617448481472847,
          0.2601482985077608,
          0.1511658499867391,
          0.16166677019003248,
          0.0004201703105111455,
          0.0004226923244655977,
          0.00023731473947999256,
          4.542469962119159e-05,
          4.564502228145854e-05,
          3.8809292407135655e-05
        ]
      },
      "scene_features": {
        "mean": [
          -1.495789096139788e-05,
          -5.160903214118662e-06,
          -0.0065190482418984175,
          0.5358560457825661,
          0.4784589782357216,
          0.42212023213505745,
          0.0006324831947495113,
          -9.220466199622024e-05,
          0.4877740442752838,
          0.21056138165295124,
          0.21762663405388594,
          0.2105195503681898,
          0.21735958196222782,
          0.210986384190619,
          0.2173226298764348,
          0.21086122188717127,
          0.21768004819750786,
          0.2117270501330495,
          0.21767255570739508,
          0.21196347568184137,
          0.21805039513856173,
          0.21206616517156363,
          0.21801951061934233,
          0.21266525611281395,
          0.21809526346623898,
          0.21334166917949915,
          0.21878635045140982,
          0.21350612305104733,
          0.2190265292301774,
          0.2139934990555048,
          0.21926948614418507,
          0.5685373432934284,
          0.5670075416564941,
          0.5663123019039631,
          0.5663467682898045,
          0.5670395009219646,
          0.5683746673166752,
          0.5703028663992882,
          0.5727777555584908,
          0.5757946223020554,
          0.5793923027813435,
          0.5835154503583908
        ],
        "variance": [
          0.11051747383220635,
          0.11017896931342722,
          0.1362861350371094,
          0.09644669534784563,
          0.09069229392547105,
          0.0840424969653099,
          0.1909893285849291,
          0.19103060202463795,
          0.248727709759493,
          0.16621242670099665,
          0.1702468351439012,
          0.16619024572043034,
          0.17009356062875458,
          0.16645954331822221,
          0.1700719628727766,
          0.166387300211572,
          0.17027609824200451,
          0.16688828212547735,
          0.17027086185255233,
          0.16702440452431183,
          0.17048319004492193,
          0.16708417873707593,
          0.17046442393743497,
          0.16742799975950778,
          0.17050742216674467,
          0.1678162059656028,
          0.17089721282161272,
          0.16791092738383895,
          0.17103339361324105,
          0.16819088938405458,
          0.17117083811471875,
          0.11654427814835147,
          0.11569689421711919,
          0.11520250919285573,
          0.11502148793986469,
          0.11513813963622696,
          0.11556693673028627,
          0.1163202237388891,
          0.11740990239488537,
          0.11880923304790225,
          0.12055075925184502,
          0.12260871412669036
        ]
      }
    },
    "droid": {
      "robot_features": {
        "mean": [
          -0.00010873409109990462,
          -0.0001539531890557555,
          0.15145995002239943,
          0.7619252540171146,
          0.0,
          0.7619252540171146,
          -1.5062857642078598e-05,
          0.0001030923208418244,
          -0.008943502558395267,
          0.2958049215376377,
          0.0,
          9.047701986730772e-06,
          -5.174764659443554e-06,
          -0.0004930732684442773,
          2.401452825040451e-06,
          -4.444239287693108e-07,
          4.907849756818905e-05
        ],
        "variance": [
          0.015487773956095558,
          0.01547751072181754,
          0.026351201660811504,
          0.18139480473167716,
          0.0,
          0.18139480473167716,
          0.267646061869178,
          0.2676777275903846,
          0.22650253461422395,
          0.2082972856864535,
          0.0,
          8.848066606194451e-05,
          8.897735032845604e-05,
          0.0001187799796069558,
          6.980148406962195e-06,
          6.976271948776642e-06,
          8.934917751213464e-06
        ]
      },
      "scene_features": {
        "mean": [
          3.981738181835226e-06,
          4.3927437118895796e-06,
          -0.004673589312005788,
          0.3280946649610996,
          0.3086434192955494,
          0.271649869158864,
          -0.0010901900068347459,
          -0.0005541365411545485,
          0.3879876956343651,
          0.31461633183062077,
          0.0,
          0.30969822220504284,
          0.0,
          0.3041569534689188,
          0.0,
          0.2995204832404852,
          0.0,
          0.29442769289016724,
          0.0,
          0.290854861959815,
          0.0,
          0.2879928145557642,
          0.0,
          0.28363319858908653,
          0.0,
          0.2818849328905344,
          0.0,
          0.2798197753727436,
          0.0,
          0.28033823147416115,
          0.0,
          0.3489327784627676,
          0.34798490442335606,
          0.3470775708556175,
          0.34624337032437325,
          0.3454767633229494,
          0.3447746355086565,
          0.34416524320840836,
          0.3436758015304804,
          0.3433476109057665,
          0.34319769591093063,
          0.34320882707834244
        ],
        "variance": [
          0.058161956152604326,
          0.05809765517260901,
          0.045266393947808625,
          0.09275717960919132,
          0.08569716649044112,
          0.07601121984644064,
          0.18812782157430946,
          0.18868342273111846,
          0.2351300270150399,
          0.21562341585981304,
          0.0,
          0.21377625049314583,
          0.0,
          0.21163715560456842,
          0.0,
          0.2098003139538872,
          0.0,
          0.2077316424716739,
          0.0,
          0.20624756520200954,
          0.0,
          0.2050417289270435,
          0.0,
          0.20317278780980988,
          0.0,
          0.20241424158154997,
          0.0,
          0.20150889188082702,
          0.0,
          0.2017344841405134,
          0.0,
          0.07668407990674897,
          0.07625806439043357,
          0.07585860014227828,
          0.07550652602304782,
          0.07520170715142979,
          0.07493702693599698,
          0.07471863075763262,
          0.07456103615555629,
          0.0744823690630318,
          0.07448846481254048,
          0.07457131372672918
        ]
      }
    }
  },
  "per_timestep_statistics": {
    "behavior": {
      "gt_scene_flows_relative": {
        "timestep_0": {
          "mean": [
            0.0,
            0.0,
            0.0
          ],
          "variance": [
            0.0,
            0.0,
            0.0
          ]
        },
        "timestep_1": {
          "mean": [
            5.492461703227036e-06,
            1.655130244415659e-06,
            2.150810223611188e-05
          ],
          "variance": [
            2.6005994633950203e-05,
            2.620703948656629e-05,
            7.369048107335722e-06
          ]
        },